F,DT,T,Status,GazeX,GazeY,GazeZ,GazePosition,FocusDistance,FocusStability,StatusL,LeftX,LeftY,LeftZ,PositionL,PupilL,StatusR,RightX,RightY,RightZ,PositionR,PupilR
0,0.0202726,0.0202725995332003,INVALID,,,,,,,INVALID,,,,,,INVALID,,,,,
0,0.0166674,0.036939999088645,INVALID,,,,,,,INVALID,,,,,,INVALID,,,,,
0,0.0166677,0.0536076985299587,INVALID,,,,,,,INVALID,,,,,,INVALID,,,,,
0,0.0166667,0.0702743977308273,INVALID,,,,,,,INVALID,,,,,,INVALID,,,,,
0,0.0166699,0.0869442969560623,INVALID,,,,,,,INVALID,,,,,,INVALID,,,,,
0,0.0166666,0.103610897436738,INVALID,,,,,,,INVALID,,,,,,INVALID,,,,,
0,0.0166673,0.12027819827199,INVALID,,,,,,,INVALID,,,,,,INVALID,,,,,
0,0.0166665,0.136944698169827,INVALID,,,,,,,INVALID,,,,,,INVALID,,,,,
0,0.0166671,0.153611797839403,INVALID,,,,,,,INVALID,,,,,,INVALID,,,,,
0,0.0166667,0.170278497040272,INVALID,,,,,,,INVALID,,,,,,INVALID,,,,,
0,0.0166669,0.186945397406816,INVALID,,,,,,,INVALID,,,,,,INVALID,,,,,
0,0.0166667,0.203612096607685,INVALID,,,,,,,INVALID,,,,,,INVALID,,,,,
0,0.0166671,0.220279196277261,INVALID,,,,,,,INVALID,,,,,,INVALID,,,,,
0,0.0166671,0.236946295946836,INVALID,,,,,,,INVALID,,,,,,INVALID,,,,,
0,0.016667,0.253613295033574,INVALID,,,,,,,INVALID,,,,,,INVALID,,,,,
0,0.0166667,0.270279994234443,INVALID,,,,,,,INVALID,,,,,,INVALID,,,,,
0,0.0166672,0.286947194486856,INVALID,,,,,,,INVALID,,,,,,INVALID,,,,,
0,0.0166667,0.303613893687725,INVALID,,,,,,,INVALID,,,,,,INVALID,,,,,
0,0.0166666,0.320280494168401,INVALID,,,,,,,INVALID,,,,,,INVALID,,,,,
0,0.016667,0.336947493255138,INVALID,,,,,,,INVALID,,,,,,INVALID,,,,,
0,0.016667,0.353614492341876,INVALID,,,,,,,INVALID,,,,,,INVALID,,,,,
0,0.0166669,0.370281392708421,INVALID,,,,,,,INVALID,,,,,,INVALID,,,,,
0,0.0166668,0.386948192492127,INVALID,,,,,,,INVALID,,,,,,INVALID,,,,,
0,0.0166673,0.403615493327379,INVALID,,,,,,,INVALID,,,,,,INVALID,,,,,
0,0.0166667,0.420282192528248,INVALID,,,,,,,INVALID,,,,,,INVALID,,,,,
0,0.0166669,0.436949092894793,INVALID,,,,,,,INVALID,,,,,,INVALID,,,,,
0,0.0166673,0.453616393730044,INVALID,,,,,,,INVALID,,,,,,INVALID,,,,,
0,0.0166677,0.470284093171358,INVALID,,,,,,,INVALID,,,,,,INVALID,,,,,
0,0.0166669,0.486950993537903,INVALID,,,,,,,INVALID,,,,,,INVALID,,,,,
0,0.0166663,0.50361729413271,INVALID,,,,,,,INVALID,,,,,,INVALID,,,,,
0,0.0166672,0.520284494385123,INVALID,,,,,,,INVALID,,,,,,INVALID,,,,,
0,0.0166667,0.536951193585992,INVALID,,,,,,,INVALID,,,,,,INVALID,,,,,
0,0.0166673,0.553618494421244,INVALID,,,,,,,INVALID,,,,,,INVALID,,,,,
0,0.0166664,0.570284893736243,INVALID,,,,,,,INVALID,,,,,,INVALID,,,,,
0,0.0166675,0.586952393874526,INVALID,,,,,,,INVALID,,,,,,INVALID,,,,,
0,0.0166666,0.603618994355202,INVALID,,,,,,,INVALID,,,,,,INVALID,,,,,
0,0.0166668,0.620285794138908,INVALID,,,,,,,INVALID,,,,,,INVALID,,,,,
0,0.0166673,0.63695309497416,INVALID,,,,,,,INVALID,,,,,,INVALID,,,,,
0,0.016667,0.653620094060898,INVALID,,,,,,,INVALID,,,,,,INVALID,,,,,
0,0.0166673,0.67028739489615,INVALID,,,,,,,INVALID,,,,,,INVALID,,,,,
0,0.0166663,0.686953695490956,INVALID,,,,,,,INVALID,,,,,,INVALID,,,,,
0,0.0166664,0.703620094805956,INVALID,,,,,,,INVALID,,,,,,INVALID,,,,,
0,0.0166674,0.720287494361401,INVALID,,,,,,,INVALID,,,,,,INVALID,,,,,
0,0.0166665,0.736953994259238,INVALID,,,,,,,INVALID,,,,,,INVALID,,,,,
0,0.0166674,0.753621393814683,INVALID,,,,,,,INVALID,,,,,,INVALID,,,,,
0,0.0166667,0.770288093015552,INVALID,,,,,,,INVALID,,,,,,INVALID,,,,,
0,0.0166671,0.786955192685127,INVALID,,,,,,,INVALID,,,,,,INVALID,,,,,
0,0.016667,0.803622191771865,INVALID,,,,,,,INVALID,,,,,,INVALID,,,,,
0,0.0166666,0.820288792252541,INVALID,,,,,,,INVALID,,,,,,INVALID,,,,,
0,0.0166668,0.836955592036247,INVALID,,,,,,,INVALID,,,,,,INVALID,,,,,
0,0.016667,0.853622591122985,INVALID,,,,,,,INVALID,,,,,,INVALID,,,,,
0,0.0166667,0.870289290323853,INVALID,,,,,,,INVALID,,,,,,INVALID,,,,,
0,0.016667,0.886956289410591,INVALID,,,,,,,INVALID,,,,,,INVALID,,,,,
0,0.0166669,0.903623189777136,INVALID,,,,,,,INVALID,,,,,,INVALID,,,,,
0,0.016669,0.920292189344764,INVALID,,,,,,,INVALID,,,,,,INVALID,,,,,
0,0.0166648,0.93695698864758,INVALID,,,,,,,INVALID,,,,,,INVALID,,,,,
0,0.0166672,0.953624188899994,INVALID,,,,,,,INVALID,,,,,,INVALID,,,,,
0,0.0166669,0.970291089266539,INVALID,,,,,,,INVALID,,,,,,INVALID,,,,,
0,0.0166668,0.986957889050245,INVALID,,,,,,,INVALID,,,,,,INVALID,,,,,
0,0.0166665,1.00362438894808,INVALID,,,,,,,INVALID,,,,,,INVALID,,,,,
0,0.0166671,1.02029148861766,INVALID,,,,,,,INVALID,,,,,,INVALID,,,,,
0,0.0166668,1.03695828840137,INVALID,,,,,,,INVALID,,,,,,INVALID,,,,,
0,0.0166669,1.05362518876791,INVALID,,,,,,,INVALID,,,,,,INVALID,,,,,
0,0.0166673,1.07029248960316,INVALID,,,,,,,INVALID,,,,,,INVALID,,,,,
0,0.0166671,1.08695958927274,INVALID,,,,,,,INVALID,,,,,,INVALID,,,,,
0,0.0166689,1.10362849012017,INVALID,,,,,,,INVALID,,,,,,INVALID,,,,,
0,0.016665,1.12029349058867,INVALID,,,,,,,INVALID,,,,,,INVALID,,,,,
0,0.0166669,1.13696039095521,INVALID,,,,,,,INVALID,,,,,,INVALID,,,,,
0,0.0166666,1.15362699143589,INVALID,,,,,,,INVALID,,,,,,INVALID,,,,,
0,0.0166849,1.17031189054251,INVALID,,,,,,,INVALID,,,,,,INVALID,,,,,
0,0.0166498,1.18696168996394,INVALID,,,,,,,INVALID,,,,,,INVALID,,,,,
0,0.0166671,1.20362878963351,INVALID,,,,,,,INVALID,,,,,,INVALID,,,,,
0,0.0166666,1.22029539011419,INVALID,,,,,,,INVALID,,,,,,INVALID,,,,,
0,0.0166667,1.23696208931506,INVALID,,,,,,,INVALID,,,,,,INVALID,,,,,
0,0.0166672,1.25362928956747,INVALID,,,,,,,INVALID,,,,,,INVALID,,,,,
0,0.0166668,1.27029608935118,INVALID,,,,,,,INVALID,,,,,,INVALID,,,,,
0,0.0166673,1.28696339018643,INVALID,,,,,,,INVALID,,,,,,INVALID,,,,,
0,0.016667,1.30363038927317,INVALID,,,,,,,INVALID,,,,,,INVALID,,,,,
0,0.0166671,1.32029748894274,INVALID,,,,,,,INVALID,,,,,,INVALID,,,,,
0,0.0166663,1.33696378953755,INVALID,,,,,,,INVALID,,,,,,INVALID,,,,,
0,0.0166671,1.35363088920712,INVALID,,,,,,,INVALID,,,,,,INVALID,,,,,
0,0.0166667,1.37029758840799,INVALID,,,,,,,INVALID,,,,,,INVALID,,,,,
0,0.016667,1.38696458749473,INVALID,,,,,,,INVALID,,,,,,INVALID,,,,,
0,0.016668,1.40363258682191,INVALID,,,,,,,INVALID,,,,,,INVALID,,,,,
0,0.0166661,1.42029868625104,INVALID,,,,,,,INVALID,,,,,,INVALID,,,,,
0,0.0166672,1.43696588650346,INVALID,,,,,,,INVALID,,,,,,INVALID,,,,,
0,0.0166667,1.45363258570433,INVALID,,,,,,,INVALID,,,,,,INVALID,,,,,
0,0.0166665,1.47029908560216,INVALID,,,,,,,INVALID,,,,,,INVALID,,,,,
0,0.0166676,1.48696668632329,INVALID,,,,,,,INVALID,,,,,,INVALID,,,,,
0,0.0166671,1.50363378599286,INVALID,,,,,,,INVALID,,,,,,INVALID,,,,,
0,0.0166672,1.52030098624527,INVALID,,,,,,,INVALID,,,,,,INVALID,,,,,
0,0.0166661,1.53696708567441,INVALID,,,,,,,INVALID,,,,,,INVALID,,,,,
0,0.016667,1.55363408476114,INVALID,,,,,,,INVALID,,,,,,INVALID,,,,,
0,0.0166666,1.57030068524182,INVALID,,,,,,,INVALID,,,,,,INVALID,,,,,
0,0.016667,1.58696768432856,INVALID,,,,,,,INVALID,,,,,,INVALID,,,,,
0,0.0166674,1.603635083884,INVALID,,,,,,,INVALID,,,,,,INVALID,,,,,
0,0.0166673,1.62030238471925,INVALID,,,,,,,INVALID,,,,,,INVALID,,,,,
0,0.0166664,1.63696878403425,INVALID,,,,,,,INVALID,,,,,,INVALID,,,,,
0,0.0166673,1.6536360848695,INVALID,,,,,,,INVALID,,,,,,INVALID,,,,,
0,0.0166663,1.67030238546431,INVALID,,,,,,,INVALID,,,,,,INVALID,,,,,
0,0.016667,1.68696938455105,INVALID,,,,,,,INVALID,,,,,,INVALID,,,,,
0,0.0166669,1.70363628491759,INVALID,,,,,,,INVALID,,,,,,INVALID,,,,,
0,0.016667,1.72030328400433,INVALID,,,,,,,INVALID,,,,,,INVALID,,,,,
0,0.0166669,1.73697018437088,INVALID,,,,,,,INVALID,,,,,,INVALID,,,,,
0,0.0166669,1.75363708473742,INVALID,,,,,,,INVALID,,,,,,INVALID,,,,,
0,0.0166672,1.77030428498983,INVALID,,,,,,,INVALID,,,,,,INVALID,,,,,
0,0.0166668,1.78697108477354,INVALID,,,,,,,INVALID,,,,,,INVALID,,,,,
0,0.0166667,1.80363778397441,INVALID,,,,,,,INVALID,,,,,,INVALID,,,,,
0,0.0166674,1.82030518352985,INVALID,,,,,,,INVALID,,,,,,INVALID,,,,,
0,0.0166668,1.83697198331356,INVALID,,,,,,,INVALID,,,,,,INVALID,,,,,
0,0.016668,1.85363998264074,INVALID,,,,,,,INVALID,,,,,,INVALID,,,,,
0,0.0166662,1.87030618265271,INVALID,,,,,,,INVALID,,,,,,INVALID,,,,,
0,0.0166677,1.88697388209403,INVALID,,,,,,,INVALID,,,,,,INVALID,,,,,
0,0.0166668,1.90364068187773,INVALID,,,,,,,INVALID,,,,,,INVALID,,,,,
0,0.0166669,1.92030758224428,INVALID,,,,,,,INVALID,,,,,,INVALID,,,,,
0,0.0166668,1.93697438202798,INVALID,,,,,,,INVALID,,,,,,INVALID,,,,,
0,0.016667,1.95364138111472,INVALID,,,,,,,INVALID,,,,,,INVALID,,,,,
0,0.0166667,1.97030808031559,INVALID,,,,,,,INVALID,,,,,,INVALID,,,,,
0,0.0166668,1.9869748800993,INVALID,,,,,,,INVALID,,,,,,INVALID,,,,,
0,0.016667,2.00364187918603,INVALID,,,,,,,INVALID,,,,,,INVALID,,,,,
0,0.016667,2.02030887827277,INVALID,,,,,,,INVALID,,,,,,INVALID,,,,,
0,0.0166665,2.03697537817061,INVALID,,,,,,,INVALID,,,,,,INVALID,,,,,
0,0.0166675,2.05364287830889,INVALID,,,,,,,INVALID,,,,,,INVALID,,,,,
0,0.0166665,2.07030937820673,INVALID,,,,,,,INVALID,,,,,,INVALID,,,,,
0,0.0166671,2.08697647787631,INVALID,,,,,,,INVALID,,,,,,INVALID,,,,,
0,0.0166666,2.10364307835698,INVALID,,,,,,,INVALID,,,,,,INVALID,,,,,
0,0.0166672,2.1203102786094,INVALID,,,,,,,INVALID,,,,,,INVALID,,,,,
0,0.0166667,2.13697697781026,INVALID,,,,,,,INVALID,,,,,,INVALID,,,,,
0,0.0166672,2.15364417806268,INVALID,,,,,,,INVALID,,,,,,INVALID,,,,,
0,0.0166666,2.17031077854335,INVALID,,,,,,,INVALID,,,,,,INVALID,,,,,
0,0.0166673,2.1869780793786,INVALID,,,,,,,INVALID,,,,,,INVALID,,,,,
0,0.0166663,2.20364437997341,INVALID,,,,,,,INVALID,,,,,,INVALID,,,,,
0,0.0166668,2.22031117975712,INVALID,,,,,,,INVALID,,,,,,INVALID,,,,,
0,0.016667,2.23697817884386,INVALID,,,,,,,INVALID,,,,,,INVALID,,,,,
0,0.0166669,2.2536450792104,INVALID,,,,,,,INVALID,,,,,,INVALID,,,,,
0,0.0166674,2.27031247876585,INVALID,,,,,,,INVALID,,,,,,INVALID,,,,,
0,0.0166669,2.28697937913239,INVALID,,,,,,,INVALID,,,,,,INVALID,,,,,
0,0.0166662,2.30364557914436,INVALID,,,,,,,INVALID,,,,,,INVALID,,,,,
0,0.0166675,2.32031307928264,INVALID,,,,,,,INVALID,,,,,,INVALID,,,,,
0,0.0166674,2.33698047883809,INVALID,,,,,,,INVALID,,,,,,INVALID,,,,,
0,0.0166662,2.35364667885005,INVALID,,,,,,,INVALID,,,,,,INVALID,,,,,
0,0.0166671,2.37031377851963,INVALID,,,,,,,INVALID,,,,,,INVALID,,,,,
0,0.0166667,2.3869804777205,INVALID,,,,,,,INVALID,,,,,,INVALID,,,,,
0,0.0166669,2.40364737808704,INVALID,,,,,,,INVALID,,,,,,INVALID,,,,,
0,0.0166666,2.42031397856772,INVALID,,,,,,,INVALID,,,,,,INVALID,,,,,
0,0.0166675,2.436981478706,INVALID,,,,,,,INVALID,,,,,,INVALID,,,,,
0,0.0166668,2.45364827848971,INVALID,,,,,,,INVALID,,,,,,INVALID,,,,,
0,0.0166668,2.47031507827342,INVALID,,,,,,,INVALID,,,,,,INVALID,,,,,
0,0.0166677,2.48698277771473,INVALID,,,,,,,INVALID,,,,,,INVALID,,,,,
0,0.0166668,2.50364957749844,INVALID,,,,,,,INVALID,,,,,,INVALID,,,,,
0,0.0166662,2.5203157775104,INVALID,,,,,,,INVALID,,,,,,INVALID,,,,,
0,0.016667,2.53698277659714,INVALID,,,,,,,INVALID,,,,,,INVALID,,,,,
0,0.016667,2.55364977568388,INVALID,,,,,,,INVALID,,,,,,INVALID,,,,,
0,0.016667,2.57031677477062,INVALID,,,,,,,INVALID,,,,,,INVALID,,,,,
0,0.016667,2.58698377385736,INVALID,,,,,,,INVALID,,,,,,INVALID,,,,,
0,0.0166668,2.60365057364106,INVALID,,,,,,,INVALID,,,,,,INVALID,,,,,
0,0.0166674,2.62031797319651,INVALID,,,,,,,INVALID,,,,,,INVALID,,,,,
0,0.0166668,2.63698477298021,INVALID,,,,,,,INVALID,,,,,,INVALID,,,,,
0,0.0166673,2.65365207381547,INVALID,,,,,,,INVALID,,,,,,INVALID,,,,,
0,0.0166665,2.6703185737133,INVALID,,,,,,,INVALID,,,,,,INVALID,,,,,
0,0.0166673,2.68698587454855,INVALID,,,,,,,INVALID,,,,,,INVALID,,,,,
0,0.0166665,2.70365237444639,INVALID,,,,,,,INVALID,,,,,,INVALID,,,,,
0,0.0166671,2.72031947411597,INVALID,,,,,,,INVALID,,,,,,INVALID,,,,,
0,0.0166664,2.73698587343097,INVALID,,,,,,,INVALID,,,,,,INVALID,,,,,
0,0.016667,2.75365287251771,INVALID,,,,,,,INVALID,,,,,,INVALID,,,,,
0,0.0166694,2.77032227255404,INVALID,,,,,,,INVALID,,,,,,INVALID,,,,,
0,0.0166678,2.78699007257819,INVALID,,,,,,,INVALID,,,,,,INVALID,,,,,
0,0.0166691,2.80365917272866,INVALID,,,,,,,INVALID,,,,,,INVALID,,,,,
0,0.0166665,2.8203256726265,INVALID,,,,,,,INVALID,,,,,,INVALID,,,,,
0,0.0166668,2.8369924724102,INVALID,,,,,,,INVALID,,,,,,INVALID,,,,,
0,0.0166669,2.85365937277675,INVALID,,,,,,,INVALID,,,,,,INVALID,,,,,
0,0.0166668,2.87032617256045,INVALID,,,,,,,INVALID,,,,,,INVALID,,,,,
0,0.0166673,2.88699347339571,INVALID,,,,,,,INVALID,,,,,,INVALID,,,,,
0,0.0166672,2.90366067364812,INVALID,,,,,,,INVALID,,,,,,INVALID,,,,,
0,0.0166677,2.92032837308943,INVALID,,,,,,,INVALID,,,,,,INVALID,,,,,
0,0.0166661,2.93699447251856,INVALID,,,,,,,INVALID,,,,,,INVALID,,,,,
0,0.0166666,2.95366107299924,INVALID,,,,,,,INVALID,,,,,,INVALID,,,,,
0,0.0166665,2.97032757289708,INVALID,,,,,,,INVALID,,,,,,INVALID,,,,,
0,0.0166669,2.98699447326362,INVALID,,,,,,,INVALID,,,,,,INVALID,,,,,
0,0.0166671,3.0036615729332,INVALID,,,,,,,INVALID,,,,,,INVALID,,,,,
0,0.0166676,3.02032917365432,INVALID,,,,,,,INVALID,,,,,,INVALID,,,,,
0,0.0166667,3.03699587285519,INVALID,,,,,,,INVALID,,,,,,INVALID,,,,,
0,0.016667,3.05366287194192,INVALID,,,,,,,INVALID,,,,,,INVALID,,,,,
0,0.016667,3.07032987102866,INVALID,,,,,,,INVALID,,,,,,INVALID,,,,,
0,0.0166664,3.08699627034366,INVALID,,,,,,,INVALID,,,,,,INVALID,,,,,
0,0.0166675,3.10366377048194,INVALID,,,,,,,INVALID,,,,,,INVALID,,,,,
0,0.0166672,3.12033097073436,INVALID,,,,,,,INVALID,,,,,,INVALID,,,,,
0,0.0166663,3.13699727132916,INVALID,,,,,,,INVALID,,,,,,INVALID,,,,,
0,0.0166668,3.15366407111287,INVALID,,,,,,,INVALID,,,,,,INVALID,,,,,
0,0.0166668,3.17033087089658,INVALID,,,,,,,INVALID,,,,,,INVALID,,,,,
0,0.0166674,3.18699827045202,INVALID,,,,,,,INVALID,,,,,,INVALID,,,,,
0,0.0166665,3.20366477034986,INVALID,,,,,,,INVALID,,,,,,INVALID,,,,,
0,0.0166679,3.22033267095685,INVALID,,,,,,,INVALID,,,,,,INVALID,,,,,
0,0.0166665,3.23699917085469,INVALID,,,,,,,INVALID,,,,,,INVALID,,,,,
0,0.0166667,3.25366587005556,INVALID,,,,,,,INVALID,,,,,,INVALID,,,,,
0,0.0166669,3.2703327704221,INVALID,,,,,,,INVALID,,,,,,INVALID,,,,,
0,0.0166672,3.28699997067451,INVALID,,,,,,,INVALID,,,,,,INVALID,,,,,
0,0.0166667,3.30366666987538,INVALID,,,,,,,INVALID,,,,,,INVALID,,,,,
0,0.0166674,3.32033406943083,INVALID,,,,,,,INVALID,,,,,,INVALID,,,,,
0,0.0166668,3.33700086921453,INVALID,,,,,,,INVALID,,,,,,INVALID,,,,,
0,0.0166669,3.35366776958108,INVALID,,,,,,,INVALID,,,,,,INVALID,,,,,
0,0.0166668,3.37033456936479,INVALID,,,,,,,INVALID,,,,,,INVALID,,,,,
0,0.0166673,3.38700187020004,INVALID,,,,,,,INVALID,,,,,,INVALID,,,,,
0,0.0166665,3.40366837009788,INVALID,,,,,,,INVALID,,,,,,INVALID,,,,,
0,0.0166669,3.42033527046442,INVALID,,,,,,,INVALID,,,,,,INVALID,,,,,
0,0.0166671,3.437002370134,INVALID,,,,,,,INVALID,,,,,,INVALID,,,,,
0,0.0166673,3.45366967096925,INVALID,,,,,,,INVALID,,,,,,INVALID,,,,,
0,0.0166667,3.47033637017012,INVALID,,,,,,,INVALID,,,,,,INVALID,,,,,
0,0.0166662,3.48700257018209,INVALID,,,,,,,INVALID,,,,,,INVALID,,,,,
0,0.016667,3.50366956926882,INVALID,,,,,,,INVALID,,,,,,INVALID,,,,,
0,0.0166671,3.5203366689384,INVALID,,,,,,,INVALID,,,,,,INVALID,,,,,
0,0.0166672,3.53700386919081,INVALID,,,,,,,INVALID,,,,,,INVALID,,,,,
0,0.016667,3.55367086827755,INVALID,,,,,,,INVALID,,,,,,INVALID,,,,,
0,0.0166671,3.57033796794713,INVALID,,,,,,,INVALID,,,,,,INVALID,,,,,
0,0.0166667,3.58700466714799,INVALID,,,,,,,INVALID,,,,,,INVALID,,,,,
0,0.0166668,3.6036714669317,INVALID,,,,,,,INVALID,,,,,,INVALID,,,,,
0,0.0166672,3.62033866718411,INVALID,,,,,,,INVALID,,,,,,INVALID,,,,,
0,0.0166668,3.63700546696782,INVALID,,,,,,,INVALID,,,,,,INVALID,,,,,
0,0.0166668,3.65367226675153,INVALID,,,,,,,INVALID,,,,,,INVALID,,,,,
0,0.0166666,3.6703388672322,INVALID,,,,,,,INVALID,,,,,,INVALID,,,,,
0,0.0166673,3.68700616806746,INVALID,,,,,,,INVALID,,,,,,INVALID,,,,,
0,0.0166667,3.70367286726832,INVALID,,,,,,,INVALID,,,,,,INVALID,,,,,
0,0.0166669,3.72033976763487,INVALID,,,,,,,INVALID,,,,,,INVALID,,,,,
0,0.0166671,3.73700686730444,INVALID,,,,,,,INVALID,,,,,,INVALID,,,,,
0,0.0166671,3.75367396697402,INVALID,,,,,,,INVALID,,,,,,INVALID,,,,,
0,0.0166678,3.77034176699817,INVALID,,,,,,,INVALID,,,,,,INVALID,,,,,
0,0.016666,3.78700776770711,INVALID,,,,,,,INVALID,,,,,,INVALID,,,,,
0,0.0166664,3.80367416702211,INVALID,,,,,,,INVALID,,,,,,INVALID,,,,,
0,0.016667,3.82034116610885,INVALID,,,,,,,INVALID,,,,,,INVALID,,,,,
0,0.0166669,3.83700806647539,INVALID,,,,,,,INVALID,,,,,,INVALID,,,,,
0,0.0166669,3.85367496684194,INVALID,,,,,,,INVALID,,,,,,INVALID,,,,,
0,0.0166671,3.87034206651151,INVALID,,,,,,,INVALID,,,,,,INVALID,,,,,
0,0.0166671,3.88700916618109,INVALID,,,,,,,INVALID,,,,,,INVALID,,,,,
0,0.0166673,3.90367646701634,INVALID,,,,,,,INVALID,,,,,,INVALID,,,,,
0,0.0166666,3.92034306749702,INVALID,,,,,,,INVALID,,,,,,INVALID,,,,,
0,0.0166668,3.93700986728072,INVALID,,,,,,,INVALID,,,,,,INVALID,,,,,
0,0.0166673,3.95367716811597,INVALID,,,,,,,INVALID,,,,,,INVALID,,,,,
0,0.0166668,3.97034396789968,INVALID,,,,,,,INVALID,,,,,,INVALID,,,,,
0,0.0166665,3.98701046779752,INVALID,,,,,,,INVALID,,,,,,INVALID,,,,,
0,0.016667,4.00367746688426,INVALID,,,,,,,INVALID,,,,,,INVALID,,,,,
0,0.0166667,4.02034416608512,INVALID,,,,,,,INVALID,,,,,,INVALID,,,,,
0,0.0166665,4.03701066598296,INVALID,,,,,,,INVALID,,,,,,INVALID,,,,,
0,0.016667,4.0536776650697,INVALID,,,,,,,INVALID,,,,,,INVALID,,,,,
0,0.0166688,4.0703464653343,INVALID,,,,,,,INVALID,,,,,,INVALID,,,,,
0,0.0166661,4.08701256476343,INVALID,,,,,,,INVALID,,,,,,INVALID,,,,,
0,0.0166666,4.1036791652441,INVALID,,,,,,,INVALID,,,,,,INVALID,,,,,
0,0.0166671,4.12034626491368,INVALID,,,,,,,INVALID,,,,,,INVALID,,,,,
0,0.0166668,4.13701306469738,INVALID,,,,,,,INVALID,,,,,,INVALID,,,,,
0,0.0166665,4.15367956459522,INVALID,,,,,,,INVALID,,,,,,INVALID,,,,,
0,0.016667,4.17034656368196,INVALID,,,,,,,INVALID,,,,,,INVALID,,,,,
0,0.0166671,4.18701366335154,INVALID,,,,,,,INVALID,,,,,,INVALID,,,,,
0,0.0166666,4.20368026383221,INVALID,,,,,,,INVALID,,,,,,INVALID,,,,,
0,0.0166669,4.22034716419876,INVALID,,,,,,,INVALID,,,,,,INVALID,,,,,
0,0.016667,4.23701416328549,INVALID,,,,,,,INVALID,,,,,,INVALID,,,,,
0,0.0166666,4.25368076376617,INVALID,,,,,,,INVALID,,,,,,INVALID,,,,,
0,0.0166674,4.27034816332161,INVALID,,,,,,,INVALID,,,,,,INVALID,,,,,
0,0.0166675,4.2870156634599,INVALID,,,,,,,INVALID,,,,,,INVALID,,,,,
0,0.016667,4.30368266254663,INVALID,,,,,,,INVALID,,,,,,INVALID,,,,,
0,0.0166665,4.32034916244447,INVALID,,,,,,,INVALID,,,,,,INVALID,,,,,
0,0.0166668,4.33701596222818,INVALID,,,,,,,INVALID,,,,,,INVALID,,,,,
0,0.0166665,4.35368246212602,INVALID,,,,,,,INVALID,,,,,,INVALID,,,,,
0,0.0166672,4.37034966237843,INVALID,,,,,,,INVALID,,,,,,INVALID,,,,,
0,0.0166667,4.3870163615793,INVALID,,,,,,,INVALID,,,,,,INVALID,,,,,
0,0.0166674,4.40368376113474,INVALID,,,,,,,INVALID,,,,,,INVALID,,,,,
0,0.0166666,4.42035036161542,INVALID,,,,,,,INVALID,,,,,,INVALID,,,,,
0,0.0166671,4.437017461285,INVALID,,,,,,,INVALID,,,,,,INVALID,,,,,
0,0.016667,4.45368446037173,INVALID,,,,,,,INVALID,,,,,,INVALID,,,,,
0,0.0166665,4.47035096026957,INVALID,,,,,,,INVALID,,,,,,INVALID,,,,,
0,0.0166672,4.48701816052198,INVALID,,,,,,,INVALID,,,,,,INVALID,,,,,
0,0.0166675,4.50368566066027,INVALID,,,,,,,INVALID,,,,,,INVALID,,,,,
0,0.0166664,4.52035205997527,INVALID,,,,,,,INVALID,,,,,,INVALID,,,,,
0,0.0166668,4.53701885975897,INVALID,,,,,,,INVALID,,,,,,INVALID,,,,,
0,0.0166667,4.55368555895984,INVALID,,,,,,,INVALID,,,,,,INVALID,,,,,
0,0.0166671,4.57035265862942,INVALID,,,,,,,INVALID,,,,,,INVALID,,,,,
0,0.0166669,4.58701955899596,INVALID,,,,,,,INVALID,,,,,,INVALID,,,,,
0,0.0166672,4.60368675924838,INVALID,,,,,,,INVALID,,,,,,INVALID,,,,,
0,0.0166671,4.62035385891795,INVALID,,,,,,,INVALID,,,,,,INVALID,,,,,
0,0.0166668,4.63702065870166,INVALID,,,,,,,INVALID,,,,,,INVALID,,,,,
0,0.0166663,4.65368695929646,INVALID,,,,,,,INVALID,,,,,,INVALID,,,,,
0,0.0166672,4.67035415954888,INVALID,,,,,,,INVALID,,,,,,INVALID,,,,,
0,0.016667,4.68702115863562,INVALID,,,,,,,INVALID,,,,,,INVALID,,,,,
0,0.0166669,4.70368805900216,INVALID,,,,,,,INVALID,,,,,,INVALID,,,,,
0,0.0166671,4.72035515867174,INVALID,,,,,,,INVALID,,,,,,INVALID,,,,,
0,0.0185657,4.73892085812986,INVALID,,,,,,,INVALID,,,,,,INVALID,,,,,
0,0.0166663,4.75558715872467,INVALID,,,,,,,INVALID,,,,,,INVALID,,,,,
0,0.0166668,4.77225395850837,INVALID,,,,,,,INVALID,,,,,,INVALID,,,,,
0,0.0166669,4.78892085887492,INVALID,,,,,,,INVALID,,,,,,INVALID,,,,,
0,0.0166671,4.80558795854449,INVALID,,,,,,,INVALID,,,,,,INVALID,,,,,
0,0.016667,4.82225495763123,INVALID,,,,,,,INVALID,,,,,,INVALID,,,,,
0,0.0166669,4.83892185799778,INVALID,,,,,,,INVALID,,,,,,INVALID,,,,,
0,0.0166676,4.8555894587189,INVALID,,,,,,,INVALID,,,,,,INVALID,,,,,
0,0.0166661,4.87225555814803,INVALID,,,,,,,INVALID,,,,,,INVALID,,,,,
0,0.016667,4.88892255723476,INVALID,,,,,,,INVALID,,,,,,INVALID,,,,,
0,0.0166668,4.90558935701847,INVALID,,,,,,,INVALID,,,,,,INVALID,,,,,
0,0.0166669,4.92225625738502,INVALID,,,,,,,INVALID,,,,,,INVALID,,,,,
0,0.0166668,4.93892305716872,INVALID,,,,,,,INVALID,,,,,,INVALID,,,,,
0,0.016667,4.95559005625546,INVALID,,,,,,,INVALID,,,,,,INVALID,,,,,
0,0.0166673,4.97225735709071,INVALID,,,,,,,INVALID,,,,,,INVALID,,,,,
0,0.0166668,4.98892415687442,INVALID,,,,,,,INVALID,,,,,,INVALID,,,,,
0,0.0166667,5.00559085607529,INVALID,,,,,,,INVALID,,,,,,INVALID,,,,,
0,0.0166673,5.02225815691054,INVALID,,,,,,,INVALID,,,,,,INVALID,,,,,
0,0.016667,5.03892515599728,INVALID,,,,,,,INVALID,,,,,,INVALID,,,,,
0,0.0166665,5.05559165589511,INVALID,,,,,,,INVALID,,,,,,INVALID,,,,,
0,0.0166678,5.07225945591927,INVALID,,,,,,,INVALID,,,,,,INVALID,,,,,
0,0.0166661,5.0889255553484,INVALID,,,,,,,INVALID,,,,,,INVALID,,,,,
0,0.016667,5.10559255443513,INVALID,,,,,,,INVALID,,,,,,INVALID,,,,,
0,0.0166666,5.12225915491581,INVALID,,,,,,,INVALID,,,,,,INVALID,,,,,
0,0.0166675,5.13892665505409,INVALID,,,,,,,INVALID,,,,,,INVALID,,,,,
0,0.0166669,5.15559355542064,INVALID,,,,,,,INVALID,,,,,,INVALID,,,,,
0,0.0166671,5.17226065509021,INVALID,,,,,,,INVALID,,,,,,INVALID,,,,,
0,0.0166667,5.18892735429108,INVALID,,,,,,,INVALID,,,,,,INVALID,,,,,
0,0.0166665,5.20559385418892,INVALID,,,,,,,INVALID,,,,,,INVALID,,,,,
0,0.0166667,5.22226055338979,INVALID,,,,,,,INVALID,,,,,,INVALID,,,,,
0,0.0166665,5.23892705328763,INVALID,,,,,,,INVALID,,,,,,INVALID,,,,,
0,0.0166675,5.25559455342591,INVALID,,,,,,,INVALID,,,,,,INVALID,,,,,
0,0.0166671,5.27226165309548,INVALID,,,,,,,INVALID,,,,,,INVALID,,,,,
0,0.0166667,5.28892835229635,INVALID,,,,,,,INVALID,,,,,,INVALID,,,,,
0,0.0166674,5.3055957518518,INVALID,,,,,,,INVALID,,,,,,INVALID,,,,,
0,0.016667,5.32226275093853,INVALID,,,,,,,INVALID,,,,,,INVALID,,,,,
0,0.0168822,5.33914495073259,INVALID,,,,,,,INVALID,,,,,,INVALID,,,,,
0,0.0166669,5.35581185109913,INVALID,,,,,,,INVALID,,,,,,INVALID,,,,,
0,0.0166669,5.37247875146568,INVALID,,,,,,,INVALID,,,,,,INVALID,,,,,
0,0.0166672,5.38914595171809,INVALID,,,,,,,INVALID,,,,,,INVALID,,,,,
0,0.016667,5.40581295080483,INVALID,,,,,,,INVALID,,,,,,INVALID,,,,,
0,0.0166668,5.42247975058854,INVALID,,,,,,,INVALID,,,,,,INVALID,,,,,
0,0.0166664,5.43914614990354,INVALID,,,,,,,INVALID,,,,,,INVALID,,,,,
0,0.0166676,5.45581375062466,INVALID,,,,,,,INVALID,,,,,,INVALID,,,,,
0,0.016667,5.47248074971139,INVALID,,,,,,,INVALID,,,,,,INVALID,,,,,
0,0.0166669,5.48914765007794,INVALID,,,,,,,INVALID,,,,,,INVALID,,,,,
0,0.0166669,5.50581455044448,INVALID,,,,,,,INVALID,,,,,,INVALID,,,,,
0,0.0166668,5.52248135022819,INVALID,,,,,,,INVALID,,,,,,INVALID,,,,,
0,0.0166664,5.53914774954319,INVALID,,,,,,,INVALID,,,,,,INVALID,,,,,
0,0.016667,5.55581474862993,INVALID,,,,,,,INVALID,,,,,,INVALID,,,,,
0,0.0166675,5.57248224876821,INVALID,,,,,,,INVALID,,,,,,INVALID,,,,,
0,0.0166672,5.58914944902062,INVALID,,,,,,,INVALID,,,,,,INVALID,,,,,
0,0.0166666,5.6058160495013,INVALID,,,,,,,INVALID,,,,,,INVALID,,,,,
0,0.0166667,5.62248274870217,INVALID,,,,,,,INVALID,,,,,,INVALID,,,,,
0,0.0166678,5.63915054872632,INVALID,,,,,,,INVALID,,,,,,INVALID,,,,,
0,0.016667,5.65581754781306,INVALID,,,,,,,INVALID,,,,,,INVALID,,,,,
0,0.0166666,5.67248414829373,INVALID,,,,,,,INVALID,,,,,,INVALID,,,,,
0,0.0166665,5.68915064819157,INVALID,,,,,,,INVALID,,,,,,INVALID,,,,,
0,0.0166672,5.70581784844399,INVALID,,,,,,,INVALID,,,,,,INVALID,,,,,
0,0.0166666,5.72248444892466,INVALID,,,,,,,INVALID,,,,,,INVALID,,,,,
0,0.0166669,5.73915134929121,INVALID,,,,,,,INVALID,,,,,,INVALID,,,,,
0,0.0166667,5.75581804849207,INVALID,,,,,,,INVALID,,,,,,INVALID,,,,,
0,0.0166852,5.77250324934721,INVALID,,,,,,,INVALID,,,,,,INVALID,,,,,
0,0.0166498,5.78915304876864,INVALID,,,,,,,INVALID,,,,,,INVALID,,,,,
0,0.016667,5.80582004785538,INVALID,,,,,,,INVALID,,,,,,INVALID,,,,,
0,0.0166669,5.82248694822192,INVALID,,,,,,,INVALID,,,,,,INVALID,,,,,
0,0.0166667,5.83915364742279,INVALID,,,,,,,INVALID,,,,,,INVALID,,,,,
0,0.0166671,5.85582074709237,INVALID,,,,,,,INVALID,,,,,,INVALID,,,,,
0,0.0166668,5.87248754687607,INVALID,,,,,,,INVALID,,,,,,INVALID,,,,,
0,0.016667,5.88915454596281,INVALID,,,,,,,INVALID,,,,,,INVALID,,,,,
0,0.0166668,5.90582134574652,INVALID,,,,,,,INVALID,,,,,,INVALID,,,,,
0,0.016667,5.92248834483325,INVALID,,,,,,,INVALID,,,,,,INVALID,,,,,
0,0.0166671,5.93915544450283,INVALID,,,,,,,INVALID,,,,,,INVALID,,,,,
0,0.0166667,5.9558221437037,INVALID,,,,,,,INVALID,,,,,,INVALID,,,,,
0,0.0166668,5.97248894348741,INVALID,,,,,,,INVALID,,,,,,INVALID,,,,,
0,0.0166671,5.98915604315698,INVALID,,,,,,,INVALID,,,,,,INVALID,,,,,
0,0.0166667,6.00582274235785,INVALID,,,,,,,INVALID,,,,,,INVALID,,,,,
0,0.0166666,6.02248934283853,INVALID,,,,,,,INVALID,,,,,,INVALID,,,,,
0,0.0166671,6.0391564425081,INVALID,,,,,,,INVALID,,,,,,INVALID,,,,,
0,0.0166668,6.05582324229181,INVALID,,,,,,,INVALID,,,,,,INVALID,,,,,
0,0.0166676,6.07249084301293,INVALID,,,,,,,INVALID,,,,,,INVALID,,,,,
0,0.0166664,6.08915724232793,INVALID,,,,,,,INVALID,,,,,,INVALID,,,,,
0,0.0166672,6.10582444258034,INVALID,,,,,,,INVALID,,,,,,INVALID,,,,,
0,0.0166666,6.12249104306102,INVALID,,,,,,,INVALID,,,,,,INVALID,,,,,
0,0.0166681,6.13915914297104,INVALID,,,,,,,INVALID,,,,,,INVALID,,,,,
0,0.0166663,6.15582544356585,INVALID,,,,,,,INVALID,,,,,,INVALID,,,,,
0,0.0166671,6.17249254323542,INVALID,,,,,,,INVALID,,,,,,INVALID,,,,,
0,0.0166659,6.18915844336152,INVALID,,,,,,,INVALID,,,,,,INVALID,,,,,
0,0.0166672,6.20582564361393,INVALID,,,,,,,INVALID,,,,,,INVALID,,,,,
0,0.0166666,6.22249224409461,INVALID,,,,,,,INVALID,,,,,,INVALID,,,,,
0,0.0166672,6.23915944434702,INVALID,,,,,,,INVALID,,,,,,INVALID,,,,,
0,0.0166671,6.2558265440166,INVALID,,,,,,,INVALID,,,,,,INVALID,,,,,
0,0.0166674,6.27249394357204,INVALID,,,,,,,INVALID,,,,,,INVALID,,,,,
0,0.0166661,6.28916004300117,INVALID,,,,,,,INVALID,,,,,,INVALID,,,,,
0,0.0166673,6.30582734383643,INVALID,,,,,,,INVALID,,,,,,INVALID,,,,,
0,0.016667,6.32249434292316,INVALID,,,,,,,INVALID,,,,,,INVALID,,,,,
0,0.0166666,6.33916094340384,INVALID,,,,,,,INVALID,,,,,,INVALID,,,,,
0,0.0166672,6.35582814365625,INVALID,,,,,,,INVALID,,,,,,INVALID,,,,,
0,0.0166666,6.37249474413693,INVALID,,,,,,,INVALID,,,,,,INVALID,,,,,
0,0.0166667,6.3891614433378,INVALID,,,,,,,INVALID,,,,,,INVALID,,,,,
0,0.016667,6.40582844242454,INVALID,,,,,,,INVALID,,,,,,INVALID,,,,,
0,0.0166664,6.42249484173954,INVALID,,,,,,,INVALID,,,,,,INVALID,,,,,
0,0.0166675,6.43916234187782,INVALID,,,,,,,INVALID,,,,,,INVALID,,,,,
0,0.0166671,6.45582944154739,INVALID,,,,,,,INVALID,,,,,,INVALID,,,,,
0,0.016667,6.47249644063413,INVALID,,,,,,,INVALID,,,,,,INVALID,,,,,
0,0.0166667,6.489163139835,INVALID,,,,,,,INVALID,,,,,,INVALID,,,,,
0,0.0166666,6.50582974031568,INVALID,,,,,,,INVALID,,,,,,INVALID,,,,,
0,0.0166668,6.52249654009938,INVALID,,,,,,,INVALID,,,,,,INVALID,,,,,
0,0.0166669,6.53916344046593,INVALID,,,,,,,INVALID,,,,,,INVALID,,,,,
0,0.0166671,6.5558305401355,INVALID,,,,,,,INVALID,,,,,,INVALID,,,,,
0,0.0166673,6.57249784097075,INVALID,,,,,,,INVALID,,,,,,INVALID,,,,,
0,0.0166664,6.58916424028575,INVALID,,,,,,,INVALID,,,,,,INVALID,,,,,
0,0.0166671,6.60583133995533,INVALID,,,,,,,INVALID,,,,,,INVALID,,,,,
0,0.0166667,6.6224980391562,INVALID,,,,,,,INVALID,,,,,,INVALID,,,,,
0,0.0166672,6.63916523940861,INVALID,,,,,,,INVALID,,,,,,INVALID,,,,,
0,0.0166671,6.65583233907819,INVALID,,,,,,,INVALID,,,,,,INVALID,,,,,
0,0.0166674,6.67249973863363,INVALID,,,,,,,INVALID,,,,,,INVALID,,,,,
0,0.016666,6.68916573934257,INVALID,,,,,,,INVALID,,,,,,INVALID,,,,,
0,0.016667,6.70583273842931,INVALID,,,,,,,INVALID,,,,,,INVALID,,,,,
0,0.0166667,6.72249943763018,INVALID,,,,,,,INVALID,,,,,,INVALID,,,,,
0,0.0166671,6.73916653729975,INVALID,,,,,,,INVALID,,,,,,INVALID,,,,,
0,0.0166667,6.75583323650062,INVALID,,,,,,,INVALID,,,,,,INVALID,,,,,
0,0.0166674,6.77250063605607,INVALID,,,,,,,INVALID,,,,,,INVALID,,,,,
0,0.0166665,6.7891671359539,INVALID,,,,,,,INVALID,,,,,,INVALID,,,,,
0,0.0166677,6.80583483539522,INVALID,,,,,,,INVALID,,,,,,IN